"1","Hoang Ngoc Quang","23/01/1989 03:24:24","(84-8) 66 839 581","HoangNgocQuang@gmail.com","254B Highway 1, Ho Chi Minh City","https://sites.google.com/site/HoangNgocQuang","VN|Tieng Viet|Vietnamese"
"2","Hoang Hong Quy","21/08/2007 10:43:14","08.54046595","HoangHongQuy@gmail.com","1/22A Au Co St., Tan Son Nhi Ward, Ho Chi Minh City","https://sites.google.com/site/HoangHongQuy","VN|Tieng Viet|Vietnamese"
"3","Hoang Ngoc Tru","19/03/1983 01:52:07","(84-4) 5143880","HoangNgocTru@gmail.com","86/47 Ha Noi Highway, Linh Trung Ward, Binh Tan Dist., Ho Chi Minh City","https://sites.google.com/site/HoangNgocTru","VN|Tieng Viet|Vietnamese"
"4","Hoang The Anh","25/06/1994 03:52:19","(84-8) 37513080","HoangTheAnh@gmail.com","1/120 Dinh Cong, Ngo Quyen Dist., Haiphong","https://sites.google.com/site/HoangTheAnh","VN|Tieng Viet|Vietnamese"
"5","Hoang Duong Anh","19/05/1998 16:35:13","(84-8) 37513080","HoangDuongAnh@gmail.com","10 Ho Xuan Huong Street, Tan Binh District, Ho Chi Minh City","https://sites.google.com/site/HoangDuongAnh","VN|Tieng Viet|Vietnamese"
"6","Hoang Hong Thinh","29/12/2004 23:35:04","(84-8) 9305020","HoangHongThinh@gmail.com","Kha Van Can, Area 4, Hiep Binh Chanh Ward, Yen Hung District, Quang Ninh","https://sites.google.com/site/HoangHongThinh","VN|Tieng Viet|Vietnamese"
"7","Hoang Quoc Minh","19/05/1998 16:35:13","(84-210) 3 848 861","HoangQuocMinh@gmail.com","33 Dang Thi Nhu St., Nguyen Thai Binh Ward, Dist. 1, Tam Phuoc Ip, An Giang","https://sites.google.com/site/HoangQuocMinh","VN|Tieng Viet|Vietnamese"
"8","Hoang The Son","21/08/2007 10:43:14","(84-8) 35 590 864","HoangTheSon@gmail.com","Kha Van Can, Area 4, Hiep Binh Chanh Ward, Yen Hung District, Quang Ninh","https://sites.google.com/site/HoangTheSon","VN|Tieng Viet|Vietnamese"
"9","Hoang Thanh Nguyen","19/06/1991 21:06:56","(84-4) 37 162 878","HoangThanhNguyen@gmail.com","177 Dien Bien Phu, Ho Chi Minh City, Ho Chi Minh City","https://sites.google.com/site/HoangThanhNguyen","FR|Tieng Phap|French"
"10","Hoang An Nam","19/03/1983 01:52:07","(84-4) 37 756 711","HoangAnNam@gmail.com","585 Hoang Lien StreetKim Tan Ward, City, Go Vap District, Ho Chi Minh City","https://sites.google.com/site/HoangAnNam","FR|Tieng Phap|French"
"11","Tran Uyen Nhi","29/12/2004 23:35:04","7840929/7840685","TranUyenNhi@gmail.com","Amata Industrial Zone 104/1 Street 2, Lot 2, Tan Binh Dist, Ho Chi Minh City","https://sites.google.com/site/TranUyenNhi","FR|Tieng Phap|French"
"12","Tran Nhat Thuong","27/11/1995 05:15:49","(84-8) 37513080","TranNhatThuong@gmail.com","287 Nguyen Thien Thuat, Ward 1, District 3, Ba Dinh District, Hanoi","https://sites.google.com/site/TranNhatThuong","FR|Tieng Phap|French"
"13","Tran Viet Tuyet","28/01/1990 15:51:46","(84-4) 5143880","TranVietTuyet@gmail.com","243a Bui Dinh Tuy street, Ward 24, Tan Binh Dist., Ho Chi Minh City","https://sites.google.com/site/TranVietTuyet","VN|Tieng Viet|Vietnamese"
"14","Tran Vi An","24/10/1981 10:28:00","(84-34) 3 832 256","TranViAn@gmail.com","157-159 Xuan Hong Street, Ward 12, Tan Binh District, Ho Chi Minh City","https://sites.google.com/site/TranViAn","VN|Tieng Viet|Vietnamese"
"15","Tran Bich Phuong","30/10/1985 13:05:22","(04) 36648767","TranBichPhuong@gmail.com","Industrial zones Yen Phong, Yen Phong, Phu Nhuan District, Ho Chi Minh City","https://sites.google.com/site/TranBichPhuong","EN|Tieng Anh|English"
"16","Tran Ngoc Diem","16/12/1984 10:47:41","(84-8) 8411725","TranNgocDiem@gmail.com","Nguyen Dang Dao, District Ninh Kieu, Can Tho","https://sites.google.com/site/TranNgocDiem","EN|Tieng Anh|English"
"17","Tran Minh Ngan","21/07/1999 12:34:13","(84-8) 8436722","TranMinhNgan@gmail.com","Chua Thong Street, Son Loc Ward, Son Tay Town, Tan Phong Ward, Ho Chi Minh City","https://sites.google.com/site/TranMinhNgan","EN|Tieng Anh|English"
"18","Tran Thien Giang","19/09/1999 10:22:31","(84-18) 385 2043","TranThienGiang@gmail.com","1/22A Au Co St., Tan Son Nhi Ward, Ho Chi Minh City, Ho Chi Minh City","https://sites.google.com/site/TranThienGiang","EN|Tieng Anh|English"
"19","Tran Ai Nhi","20/08/1988 07:18:21","04.37478310","TranAiNhi@gmail.com","304/51a Dao Duy Anh, 9 Ward, Minh Khai Ward, Ho Chi Minh City","https://sites.google.com/site/TranAiNhi","EN|Tieng Anh|English"
"20","Tran Cam Chi","27/11/1981 04:10:37","(84-8) 3875 0053/(84-8) 3875 0214","TranCamChi@gmail.com","229 Bai Say St., Ward 4, Dist. 6, Gia Lam District, Hanoi","https://sites.google.com/site/TranCamChi","CN|Tieng Trung Quoc|Chinese"
"21","Nguyen Quang Thong","28/04/1985 23:53:15","08. 7542186","NguyenQuangThong@gmail.com","1C Trang Tien, Trang Tien Ward, Hoang Mai Dist., Haiphong","https://sites.google.com/site/NguyenQuangThong","CN|Tieng Trung Quoc|Chinese"
"22","Nguyen Ngoc Thach","27/11/1981 04:10:37","(84-8) 38 480 035","NguyenNgocThach@gmail.com","10 Ho Xuan Huong Street, Tan Binh District, Ho Chi Minh City","https://sites.google.com/site/NguyenNgocThach","CN|Tieng Trung Quoc|Chinese"
"23","Nguyen Thanh Thien","31/07/1980 08:21:43","(08) 38576156/38578257","NguyenThanhThien@gmail.com","21 Ha Huy Tap street, Phu My Hung, Tan Phong Ward, Dong Da District, Hanoi","https://sites.google.com/site/NguyenThanhThien","CN|Tieng Trung Quoc|Chinese"
"24","Nguyen Truong An","27/11/1995 05:15:49","(84-4) 3823 4142/(84-4) 3823 5465","NguyenTruongAn@gmail.com","16B Da Nang St., May To Ward, Gia Lam District, Ho Chi Minh City","https://sites.google.com/site/NguyenTruongAn","CN|Tieng Trung Quoc|Chinese"
"25","Nguyen Khai Tam","20/08/1988 07:18:21","84-90-6274687","NguyenKhaiTam@gmail.com","166-172 Street 1, Binh Tri Dong B Ward, Hoang Mai Dist., Hanoi","https://sites.google.com/site/NguyenKhaiTam","CN|Tieng Trung Quoc|Chinese"
"26","Nguyen Duy Hung","28/04/1985 23:53:15","( 84-8) 38944992","NguyenDuyHung@gmail.com","20 Le Hong Phong Street, Ho Chi Minh City, Hanoi","https://sites.google.com/site/NguyenDuyHung","CN|Tieng Trung Quoc|Chinese"
"27","Nguyen Anh Thai","22/07/2001 04:29:20","(84-8) 9974999","NguyenAnhThai@gmail.com","423 Nguyen Khang St., Yen Hoa Ward, Binh Thanh District, Ho Chi Minh City","https://sites.google.com/site/NguyenAnhThai","CN|Tieng Trung Quoc|Chinese"
"28","Nguyen Gia Thien","15/06/1998 16:04:38","(84-8) 66 839 581","NguyenGiaThien@gmail.com","10 - 11 Nguyen Ai Quoc, KP 8, Ho Chi Minh City, Ho Chi Minh City","https://sites.google.com/site/NguyenGiaThien","CN|Tieng Trung Quoc|Chinese"
"29","Nguyen Bao Lan","21/04/1981 04:54:51","(84-33) 3 875 360","NguyenBaoLan@gmail.com","135 Nguyen Viet Xuan Street, Vinh City, Binh Phuoc Province, Binh Phuoc","https://sites.google.com/site/NguyenBaoLan","EN|Tieng Anh|English"
"30","Nguyen Bich Thao","21/05/2003 23:30:27","08. 7542186","NguyenBichThao@gmail.com","Lo 9, C, Industrial zones Tan Tao, Tan Phu Dist., Ho Chi Minh City","https://sites.google.com/site/NguyenBichThao","EN|Tieng Anh|English"
"31","Nguyen Van Ngoc","27/11/1981 04:10:37","(84-511) 3 643 439","NguyenVanNgoc@gmail.com","NGUYEN TRAI STREET, BA DINH WARD, THANH HOA CITY, Hai Ba Trung District., Hanoi","https://sites.google.com/site/NguyenVanNgoc","EN|Tieng Anh|English"
"32","Nguyen Van Chi","24/09/1995 02:34:37","0710.3780493","NguyenVanChi@gmail.com","22 Doc Lap Street, Phu Nhuan Dist., Ho Chi Minh City","https://sites.google.com/site/NguyenVanChi","EN|Tieng Anh|English"
"33","Nguyen Tu Linh","30/10/1985 13:05:22","(08) 39303160","NguyenTuLinh@gmail.com","No. 34A Han Thuyen, District Hai Ba Trung, Ha Noi, Hanoi","https://sites.google.com/site/NguyenTuLinh","EN|Tieng Anh|English"
"34","Nguyen Thuy Trang","22/07/2001 04:29:20","84-90-6274687","NguyenThuyTrang@gmail.com","126A+127 Dien Bien Phu StreetWard 6, Town, Phu Nhuan District, Ho Chi Minh City","https://sites.google.com/site/NguyenThuyTrang","EN|Tieng Anh|English"
"35","Nguyen Tue Man","15/06/1998 16:04:38","(84-4) 37 719 198","NguyenTueMan@gmail.com","Tay Dang Town, Ba Vi Dist, Ho Chi Minh City, Ho Chi Minh City","https://sites.google.com/site/NguyenTueMan","EN|Tieng Anh|English"
"36","Nguyen Thanh Tuyet","21/05/2003 23:30:27","(84-8) 3 960 3131/(84-8) 3 969 3592","NguyenThanhTuyet@gmail.com","Collective Academy of Finance, Group 10, Cau Dien Town, Thu Duc Dist., Ho Chi Minh City","https://sites.google.com/site/NguyenThanhTuyet","FR|Tieng Phap|French"
"37","Nguyen Le Chi","27/11/1981 04:10:37","061. 887 1614","NguyenLeChi@gmail.com","NGUYEN TRAI STREET, BA DINH WARD, THANH HOA CITY, Hai Ba Trung District., Hanoi","https://sites.google.com/site/NguyenLeChi","FR|Tieng Phap|French"
"38","Nguyen Quynh Thanh","21/05/2003 23:30:27","(84-210) 3 848 861","NguyenQuynhThanh@gmail.com","1425 - 1427, Area My Toan 2, Tan Phong, Thu Duc Dist., Ho Chi Minh City","https://sites.google.com/site/NguyenQuynhThanh","FR|Tieng Phap|French"
"39","Nguyen Minh Tam","21/05/2003 23:30:27","061. 887 1614","NguyenMinhTam@gmail.com","Thanh Tri Ward, Nam Dinh City, Nam Dinh","https://sites.google.com/site/NguyenMinhTam","FR|Tieng Phap|French"
"40","Nguyen Xuyen Chi","27/11/1981 04:10:37","043. 3.833311","NguyenXuyenChi@gmail.com","75/16 Go Dau Street, Tan Quy Ward, Hai Ba Trung Dist., Hanoi","https://sites.google.com/site/NguyenXuyenChi","FR|Tieng Phap|French"
"41","Nguyen Xuan Lan","30/10/1985 13:05:22","08 3921 0320","NguyenXuanLan@gmail.com","33 Dang Thi Nhu St., Nguyen Thai Binh Ward, Dist. 1, Tam Phuoc Ip, An Giang","https://sites.google.com/site/NguyenXuanLan","VN|Tieng Viet|Vietnamese"
"42","Nguyen Phuong Khanh Huyen","21/07/1982 19:53:15","(84-38) 3844553/(84-38) 3833897/(84-38) 3842926","NguyenPhuongKhanhHuyen@gmail.com","Binh Duc 1, Vung Tau City, Ba Ria-Vung Tau","https://sites.google.com/site/NguyenPhuongKhanhHuyen","VN|Tieng Viet|Vietnamese"
"43","Vo Hai Nam","30/07/2007 17:09:43","350-3383799","VoHaiNam@gmail.com","No.3 , No.1 Street - Area 26B, Lien Chieu Dist., Ho Chi Minh City","Http://www.author_VoHaiNam/wordpress.com","VN|Tieng Viet|Vietnamese"
"44","An Son Tung","13/06/1995 19:31:29","(84-8) 8411725","AnSonTung@gmail.com","69 Nguyen Huy Dien Street, Ward 7, Thu Duc Dist., Ho Chi Minh City","Http://www.author_AnSonTung/wordpress.com","VN|Tieng Viet|Vietnamese"
"45","An Cao Tho","27/11/1995 05:15:49","( 84-8) 38944992","AnCaoTho@gmail.com","12 Dien Bien Phu, Hai Chau District, Da Nang","Http://www.author_AnCaoTho/wordpress.com","VN|Tieng Viet|Vietnamese"
"46","An Thanh Chau","13/11/1991 18:56:40","(84-4) 7336766","AnThanhChau@gmail.com","521 - 521A Ly Thuong Kiet, Ward 8, Ho Chi Minh City, Ho Chi Minh City","Http://www.author_AnThanhChau/wordpress.com","VN|Tieng Viet|Vietnamese"
"47","An Hung Ðao","24/10/1981 10:28:00","(08) 37266356","AnHungÐao@gmail.com","75/16 Go Dau Street, Tan Quy Ward, Hai Ba Trung Dist., Hanoi","Http://www.author_AnHungÐao/wordpress.com","VN|Tieng Viet|Vietnamese"
"48","An Ngoc Ha","31/03/1981 12:45:38","(84-8) 3984 1016/(84-8) 3894 2731/(84-8) 3984 1042","AnNgocHa@gmail.com","308A Quang Trung, P11, Ben Nghe Ward, Ho Chi Minh City","Http://www.author_AnNgocHa/wordpress.com","EN|Tieng Anh|English"
"49","An Thien Trang","24/10/1981 10:28:00","(84-061) 3 831 466","AnThienTrang@gmail.com","157-159 Xuan Hong Street, Ward 12, Tan Binh District, Ho Chi Minh City","Http://www.author_AnThienTrang/wordpress.com","EN|Tieng Anh|English"
"50","An Anh Ngoc","21/07/1999 12:34:13","84-8833-7235","AnAnhNgoc@gmail.com","10 Le Thi Rieng, Ben Thanh Ward, Dist.1, Long Binh Ward, Dong Nai","Http://www.author_AnAnhNgoc/wordpress.com","EN|Tieng Anh|English"
"51","An Bich Hao","23/01/1989 03:24:24","(84-4) 37 162 878","AnBichHao@gmail.com","268 MY DO STREET, BAC GIANG CITY, Ho Chi Minh City, Ho Chi Minh City","Http://www.author_AnBichHao/wordpress.com","EN|Tieng Anh|English"
"52","An Man Nhi","21/08/2007 10:43:14","84-8833-7235","AnManNhi@gmail.com","649 Le Hong Phong, Ward 10, Dist.10, Tan Binh District, Ho Chi Minh City","Http://www.author_AnManNhi/wordpress.com","EN|Tieng Anh|English"
"53","An Thai Thanh","19/03/1983 01:52:07","072. .3 763.9725","AnThaiThanh@gmail.com","NGUYEN TRAI STREET, BA DINH WARD, THANH HOA CITY, Hai Ba Trung District., Hanoi","Http://www.author_AnThaiThanh/wordpress.com","ES|Tieng Tay Ban Nha|Spanish"
"54","An Bao Ha","25/06/1994 03:52:19","(84-74) 3 862 983/(84-74) 3 862 931","AnBaoHa@gmail.com","300 Hai Ba Trung, District 3, Binh Thanh Dist., Hanoi","Http://www.author_AnBaoHa/wordpress.com","JP|Tieng Nhat|Japanese"
"55","An Ngoc Quynh","24/10/1981 10:28:00","(84-8) 9635767/9635768/9633940","AnNgocQuynh@gmail.com","Binh Son, Binh Tan District, Ho Chi Minh City","Http://www.author_AnNgocQuynh/wordpress.com","KR|Tieng Nam Han|Korean"
"56","An Phuong Bao Han","24/10/1981 10:28:00","(84-511) 3 643 439","AnPhuongBaoHan@gmail.com","Floor 5, 81C Thuy Khue Street, Ho Chi Minh City, Ho Chi Minh City","Http://www.author_AnPhuongBaoHan/wordpress.com","JP|Tieng Nhat|Japanese"
"57","An Hai Yen","24/05/1993 08:09:01","(84-8) 3984 1016/(84-8) 3894 2731/(84-8) 3984 1042","AnHaiYen@gmail.com","Chua Thong Street, Son Loc Ward, Son Tay Town, Tan Phong Ward, Ho Chi Minh City","Http://www.author_AnHaiYen/wordpress.com","RU|Tieng Nga|Russian"
